drop table if exists mysql_json;
Warnings:
Note	1051	Unknown table 'test.mysql_json'
#
# uint64 - worked
#
call mtr.add_suppression("Table './test/mysql_json' is marked as crashed and should be repaired");
call mtr.add_suppression("Checking table:   './test/mysql_json'");
select * from test.mysql_json;
t
18446744073709551615
drop table mysql_json;
#
# Negative value worked
#
select * from test.mysql_json;
t
{"neg":-10}
drop table mysql_json;
#
# mix values worked 
#
select * from test.mysql_json;
t
0
-127
128
32767
-32768
65535
65536
-2147483648
2147483647
4294967295
-9223372036854775807
9223372036854775807
18446744073709551615
Warnings:
Error	145	Table './test/mysql_json' is marked as crashed and should be repaired
Error	1034	1 client is using or hasn't closed the table properly
drop table mysql_json;
#
# Mix of INT32 and UINT64 worked
#
select * from test.mysql_json;
t
{"neg":-1234567890,"pos":9876543210}
drop table mysql_json;
