#
# MDEV-18323: Convert MySQL JSON type to MariaDB TEXT in mysql_upgrade
# Test integers
#
drop table if exists mysql_json;
Warnings:
Note	1051	Unknown table 'test.mysql_json'
#
# Mix of everything
#
select * from test.mysql_json;
c1
{"key1":"value_1","key256":"value_256"}
["val3","val4"]
["val5",{"key3":"val6","key4":"val7"}]
{"neg":-10}
{"neg":-1234567890,"pos":9876543210}
{"a":[1,2],"b":["x","y"]}
0
-127
128
32767
-32768
65535
65536
-2147483648
2147483647
4294967295
-9223372036854775807
9223372036854775807
18446744073709551615
-3.14
151.23
"scalar_string"
true
false
null
"literals"
1.8446744073709552e19
{}
[]
2015-01-15 23:24:25.000000
23:24:25.000000
2015-01-15
{"type":"Point","coordinates":[1,1]}
2015-01-15 23:24:25.000000
[]
"base64:type:yv4="
drop table mysql_json;
#
# String value
#
select * from test.mysql_json;
t
{"key1":"val1","key2":"val2"}
drop table mysql_json;
#
# Negative value
#
select * from test.mysql_json;
t
{"neg":-10}
drop table mysql_json;
#
# Mix of INT32 and UINT64
#
select * from test.mysql_json;
t
{"neg":-1234567890,"pos":9876543210}
drop table mysql_json;
