drop table if exists mysql_json;
Warnings:
Note	1051	Unknown table 'test.mysql_json'
#
# Date and time (casting in mysql)
#
call mtr.add_suppression("Table './test/mysql_json' is marked as crashed and should be repaired");
call mtr.add_suppression("Checking table:   './test/mysql_json'");
#
# Opaque types
#
select * from test.mysql_json;
t
2015-01-15 23:24:25.000000
23:24:25.000000
2015-01-15
2015-01-15 23:24:25.000000
Warnings:
Error	145	Table './test/mysql_json' is marked as crashed and should be repaired
Error	1034	1 client is using or hasn't closed the table properly
drop table mysql_json;
#
# opaque_mysql_type_decimal
#
select * from test.mysql_json;
i
3.14
drop table mysql_json;
#
# Strings
#
select * from test.mysql_json;
t
"test1"
{"":""}
[""]
drop table mysql_json;
