create table ten(a int);
insert into ten values (0),(1),(2),(3),(4),(5),(6),(7),(8),(9);
create table one_k(a int);
insert into one_k select A.a + B.a* 10 from ten A, ten B;
create table t1 (a int, b int);
insert into t1 select a,a from one_k;
create table t2 (a int, b int);
insert into t2 select a,a from one_k;
explain
select t1.b from t1,t2 where t1.a=t2.a  order by t2.b limit 2;
id	select_type	table	type	possible_keys	key	key_len	ref	rows	Extra
1	SIMPLE	t2	ALL	NULL	NULL	NULL	NULL	100	
1	SIMPLE	<order-nest>	ALL	NULL	NULL	NULL	NULL	100	Using filesort
1	SIMPLE	t1	ALL	NULL	NULL	NULL	NULL	100	Using where
select t1.b from t1,t2 where t1.a=t2.a  order by t2.b limit 2;
b
0
1
analyze
select t1.a,t2.a from t1,t2 where t1.a=t2.a  order by t2.b limit 10;
id	select_type	table	type	possible_keys	key	key_len	ref	rows	r_rows	filtered	r_filtered	Extra
1	SIMPLE	t2	ALL	NULL	NULL	NULL	NULL	100	100.00	100.00	100.00	
1	SIMPLE	<order-nest>	ALL	NULL	NULL	NULL	NULL	100	10.00	100.00	100.00	Using filesort
1	SIMPLE	t1	ALL	NULL	NULL	NULL	NULL	100	91.00	100.00	1.10	Using where
select t1.a,t2.a from t1,t2 where t1.a=t2.a  order by t2.b limit 10;
a	a
0	0
1	1
2	2
3	3
4	4
5	5
6	6
7	7
8	8
9	9
drop table t1,t2,ten,one_k;
